id,poliza_id,asegurado_id,vehiculo_id,rol
1,1,1,1,TITULAR
2,2,2,2,TITULAR
3,3,3,3,TITULAR
4,4,4,4,TITULAR
5,5,5,5,TITULAR
6,6,6,6,TITULAR
7,7,7,7,TITULAR
8,8,8,8,TITULAR
9,9,9,9,TITULAR
10,10,10,10,TITULAR
11,11,11,11,TITULAR
12,12,12,12,TITULAR
13,13,13,13,TITULAR
14,14,14,14,TITULAR
15,15,15,15,TITULAR
16,16,16,16,TITULAR
17,17,17,17,TITULAR
18,18,18,18,TITULAR
19,19,19,19,TITULAR
20,20,20,20,TITULAR
21,21,21,21,TITULAR
22,22,22,22,TITULAR
23,23,23,23,TITULAR
24,24,24,24,TITULAR
25,25,25,25,TITULAR
26,26,26,26,TITULAR
27,27,27,27,TITULAR
28,28,28,28,TITULAR
29,29,29,29,TITULAR
30,30,30,30,TITULAR
31,31,31,31,TITULAR
32,32,32,32,TITULAR
33,33,33,33,TITULAR
34,34,34,34,TITULAR
35,35,35,35,TITULAR
36,36,36,36,TITULAR
37,37,37,37,TITULAR
38,38,38,38,TITULAR
39,39,39,39,TITULAR
40,40,40,40,TITULAR
41,41,41,41,TITULAR
42,42,42,42,TITULAR
43,43,43,43,TITULAR
44,44,44,44,TITULAR
45,45,45,45,TITULAR
46,46,46,46,TITULAR
47,47,47,47,TITULAR
48,48,48,48,TITULAR
49,49,49,49,TITULAR
50,50,50,50,TITULAR
51,51,51,51,TITULAR
52,52,52,52,TITULAR
53,53,53,53,TITULAR
54,54,54,54,TITULAR
55,55,55,55,TITULAR
56,56,56,56,TITULAR
57,57,57,57,TITULAR
58,58,58,58,TITULAR
59,59,59,59,TITULAR
60,60,60,60,TITULAR
61,61,61,61,TITULAR
62,62,62,62,TITULAR
63,63,63,63,TITULAR
64,64,64,64,TITULAR
65,65,65,65,TITULAR
66,66,66,66,TITULAR
67,67,67,67,TITULAR
68,68,68,68,TITULAR
69,69,69,69,TITULAR
70,70,70,70,TITULAR
71,71,71,71,TITULAR
72,72,72,72,TITULAR
73,73,73,73,TITULAR
74,74,74,74,TITULAR
75,75,75,75,TITULAR
76,76,76,76,TITULAR
77,77,77,77,TITULAR
78,78,78,78,TITULAR
79,79,79,79,TITULAR
80,80,80,80,TITULAR
81,81,81,81,TITULAR
82,82,82,82,TITULAR
83,83,83,83,TITULAR
84,84,84,84,TITULAR
85,85,85,85,TITULAR
86,86,86,86,TITULAR
87,87,87,87,TITULAR
88,88,88,88,TITULAR
89,89,89,89,TITULAR
90,90,90,90,TITULAR
91,91,91,91,TITULAR
92,92,92,92,TITULAR
93,93,93,93,TITULAR
94,94,94,94,TITULAR
95,95,95,95,TITULAR
96,96,96,96,TITULAR
97,97,97,97,TITULAR
98,98,98,98,TITULAR
99,99,99,99,TITULAR
100,100,100,100,TITULAR
101,101,101,101,TITULAR
102,102,102,102,TITULAR
103,103,103,103,TITULAR
104,104,104,104,TITULAR
105,105,105,105,TITULAR
106,106,106,106,TITULAR
107,107,107,107,TITULAR
108,108,108,108,TITULAR
109,109,109,109,TITULAR
110,110,110,110,TITULAR
111,111,111,111,TITULAR
112,112,112,112,TITULAR
113,113,113,113,TITULAR
114,114,114,114,TITULAR
115,115,115,115,TITULAR
116,116,116,116,TITULAR
117,117,117,117,TITULAR
118,118,118,118,TITULAR
119,119,119,119,TITULAR
120,120,120,120,TITULAR
121,121,121,121,TITULAR
122,122,122,122,TITULAR
123,123,123,123,TITULAR
124,124,124,124,TITULAR
125,125,125,125,TITULAR
126,126,126,126,TITULAR
127,127,127,127,TITULAR
128,128,128,128,TITULAR
129,129,129,129,TITULAR
130,130,130,130,TITULAR
131,131,131,131,TITULAR
132,132,132,132,TITULAR
133,133,133,133,TITULAR
134,134,134,134,TITULAR
135,135,135,135,TITULAR
136,136,136,136,TITULAR
137,137,137,137,TITULAR
138,138,138,138,TITULAR
139,139,139,139,TITULAR
140,140,140,140,TITULAR
141,141,141,141,TITULAR
142,142,142,142,TITULAR
143,143,143,143,TITULAR
144,144,144,144,TITULAR
145,145,145,145,TITULAR
146,146,146,146,TITULAR
147,147,147,147,TITULAR
148,148,148,148,TITULAR
149,149,149,149,TITULAR
150,150,150,150,TITULAR
151,151,151,151,TITULAR
152,152,152,152,TITULAR
153,153,153,153,TITULAR
154,154,154,154,TITULAR
155,155,155,155,TITULAR
156,156,156,156,TITULAR
157,157,157,157,TITULAR
158,158,158,158,TITULAR
159,159,159,159,TITULAR
160,160,160,160,TITULAR
161,161,161,161,TITULAR
162,162,162,162,TITULAR
163,163,163,163,TITULAR
164,164,164,164,TITULAR
165,165,165,165,TITULAR
166,166,166,166,TITULAR
167,167,167,167,TITULAR
168,168,168,168,TITULAR
169,169,169,169,TITULAR
170,170,170,170,TITULAR
171,171,171,171,TITULAR
172,172,172,172,TITULAR
173,173,173,173,TITULAR
174,174,174,174,TITULAR
175,175,175,175,TITULAR
176,176,176,176,TITULAR
177,177,177,177,TITULAR
178,178,178,178,TITULAR
179,179,179,179,TITULAR
180,180,180,180,TITULAR
181,181,181,181,TITULAR
182,182,182,182,TITULAR
183,183,183,183,TITULAR
184,184,184,184,TITULAR
185,185,185,185,TITULAR
186,186,186,186,TITULAR
187,187,187,187,TITULAR
188,188,188,188,TITULAR
189,189,189,189,TITULAR
190,190,190,190,TITULAR
191,191,191,191,TITULAR
192,192,192,192,TITULAR
193,193,193,193,TITULAR
194,194,194,194,TITULAR
195,195,195,195,TITULAR
196,196,196,196,TITULAR
197,197,197,197,TITULAR
198,198,198,198,TITULAR
199,199,199,199,TITULAR
200,200,200,200,TITULAR
201,201,201,201,TITULAR
202,202,202,202,TITULAR
203,203,203,203,TITULAR
204,204,204,204,TITULAR
205,205,205,205,TITULAR
206,206,206,206,TITULAR
207,207,207,207,TITULAR
208,208,208,208,TITULAR
209,209,209,209,TITULAR
210,210,210,210,TITULAR
211,211,211,211,TITULAR
212,212,212,212,TITULAR
213,213,213,213,TITULAR
214,214,214,214,TITULAR
215,215,215,215,TITULAR
216,216,216,216,TITULAR
217,217,217,217,TITULAR
218,218,218,218,TITULAR
219,219,219,219,TITULAR
220,220,220,220,TITULAR
221,221,221,221,TITULAR
222,222,222,222,TITULAR
223,223,223,223,TITULAR
224,224,224,224,TITULAR
225,225,225,225,TITULAR
226,226,226,226,TITULAR
227,227,227,227,TITULAR
228,228,228,228,TITULAR
229,229,229,229,TITULAR
230,230,230,230,TITULAR
231,231,231,231,TITULAR
232,232,232,232,TITULAR
233,233,233,233,TITULAR
234,234,234,234,TITULAR
235,235,235,235,TITULAR
236,236,236,236,TITULAR
237,237,237,237,TITULAR
238,238,238,238,TITULAR
239,239,239,239,TITULAR
240,240,240,240,TITULAR
241,241,241,241,TITULAR
242,242,242,242,TITULAR
243,243,243,243,TITULAR
244,244,244,244,TITULAR
245,245,245,245,TITULAR
246,246,246,246,TITULAR
247,247,247,247,TITULAR
248,248,248,248,TITULAR
249,249,249,249,TITULAR
250,250,250,250,TITULAR
251,251,251,251,TITULAR
252,252,252,252,TITULAR
253,253,253,253,TITULAR
254,254,254,254,TITULAR
255,255,255,255,TITULAR
256,256,256,256,TITULAR
257,257,257,257,TITULAR
258,258,258,258,TITULAR
259,259,259,259,TITULAR
260,260,260,260,TITULAR
261,261,261,261,TITULAR
262,262,262,262,TITULAR
263,263,263,263,TITULAR
264,264,264,264,TITULAR
265,265,265,265,TITULAR
266,266,266,266,TITULAR
267,267,267,267,TITULAR
268,268,268,268,TITULAR
269,269,269,269,TITULAR
270,270,270,270,TITULAR
271,271,271,271,TITULAR
272,272,272,272,TITULAR
273,273,273,273,TITULAR
274,274,274,274,TITULAR
275,275,275,275,TITULAR
276,276,276,276,TITULAR
277,277,277,277,TITULAR
278,278,278,278,TITULAR
279,279,279,279,TITULAR
280,280,280,280,TITULAR
281,281,281,281,TITULAR
282,282,282,282,TITULAR
283,283,283,283,TITULAR
284,284,284,284,TITULAR
285,285,285,285,TITULAR
286,286,286,286,TITULAR
287,287,287,287,TITULAR
288,288,288,288,TITULAR
289,289,289,289,TITULAR
290,290,290,290,TITULAR
291,291,291,291,TITULAR
292,292,292,292,TITULAR
293,293,293,293,TITULAR
294,294,294,294,TITULAR
295,295,295,295,TITULAR
296,296,296,296,TITULAR
297,297,297,297,TITULAR
298,298,298,298,TITULAR
299,299,299,299,TITULAR
300,300,300,300,TITULAR
301,301,301,301,TITULAR
302,302,302,302,TITULAR
303,303,303,303,TITULAR
304,304,304,304,TITULAR
305,305,305,305,TITULAR
306,306,306,306,TITULAR
307,307,307,307,TITULAR
308,308,308,308,TITULAR
309,309,309,309,TITULAR
310,310,310,310,TITULAR
311,311,311,311,TITULAR
312,312,312,312,TITULAR
313,313,313,313,TITULAR
314,314,314,314,TITULAR
315,315,315,315,TITULAR
316,316,316,316,TITULAR
317,317,317,317,TITULAR
318,318,318,318,TITULAR
319,319,319,319,TITULAR
320,320,320,320,TITULAR
321,321,321,321,TITULAR
322,322,322,322,TITULAR
323,323,323,323,TITULAR
324,324,324,324,TITULAR
325,325,325,325,TITULAR
326,326,326,326,TITULAR
327,327,327,327,TITULAR
328,328,328,328,TITULAR
329,329,329,329,TITULAR
330,330,330,330,TITULAR
331,331,331,331,TITULAR
332,332,332,332,TITULAR
333,333,333,333,TITULAR
334,334,334,334,TITULAR
335,335,335,335,TITULAR
336,336,336,336,TITULAR
337,337,337,337,TITULAR
338,338,338,338,TITULAR
339,339,339,339,TITULAR
340,340,340,340,TITULAR
341,341,341,341,TITULAR
342,342,342,342,TITULAR
343,343,343,343,TITULAR
344,344,344,344,TITULAR
345,345,345,345,TITULAR
346,346,346,346,TITULAR
347,347,347,347,TITULAR
348,348,348,348,TITULAR
349,349,349,349,TITULAR
350,350,350,350,TITULAR
351,351,351,351,TITULAR
352,352,352,352,TITULAR
353,353,353,353,TITULAR
354,354,354,354,TITULAR
355,355,355,355,TITULAR
356,356,356,356,TITULAR
357,357,357,357,TITULAR
358,358,358,358,TITULAR
359,359,359,359,TITULAR
360,360,360,360,TITULAR
361,361,361,361,TITULAR
362,362,362,362,TITULAR
363,363,363,363,TITULAR
364,364,364,364,TITULAR
365,365,365,365,TITULAR
366,366,366,366,TITULAR
367,367,367,367,TITULAR
368,368,368,368,TITULAR
369,369,369,369,TITULAR
370,370,370,370,TITULAR
371,371,371,371,TITULAR
372,372,372,372,TITULAR
373,373,373,373,TITULAR
374,374,374,374,TITULAR
375,375,375,375,TITULAR
376,376,376,376,TITULAR
377,377,377,377,TITULAR
378,378,378,378,TITULAR
379,379,379,379,TITULAR
380,380,380,380,TITULAR
381,381,381,381,TITULAR
382,382,382,382,TITULAR
383,383,383,383,TITULAR
384,384,384,384,TITULAR
385,385,385,385,TITULAR
386,386,386,386,TITULAR
387,387,387,387,TITULAR
388,388,388,388,TITULAR
389,389,389,389,TITULAR
390,390,390,390,TITULAR
391,391,391,391,TITULAR
392,392,392,392,TITULAR
393,393,393,393,TITULAR
394,394,394,394,TITULAR
395,395,395,395,TITULAR
396,396,396,396,TITULAR
397,397,397,397,TITULAR
398,398,398,398,TITULAR
399,399,399,399,TITULAR
400,400,400,400,TITULAR
401,401,401,401,TITULAR
402,402,402,402,TITULAR
403,403,403,403,TITULAR
404,404,404,404,TITULAR
405,405,405,405,TITULAR
406,406,406,406,TITULAR
407,407,407,407,TITULAR
408,408,408,408,TITULAR
409,409,409,409,TITULAR
410,410,410,410,TITULAR
411,411,411,411,TITULAR
412,412,412,412,TITULAR
413,413,413,413,TITULAR
414,414,414,414,TITULAR
415,415,415,415,TITULAR
416,416,416,416,TITULAR
417,417,417,417,TITULAR
418,418,418,418,TITULAR
419,419,419,419,TITULAR
420,420,420,420,TITULAR
421,421,421,421,TITULAR
422,422,422,422,TITULAR
423,423,423,423,TITULAR
424,424,424,424,TITULAR
425,425,425,425,TITULAR
426,426,426,426,TITULAR
427,427,427,427,TITULAR
428,428,428,428,TITULAR
429,429,429,429,TITULAR
430,430,430,430,TITULAR
431,431,431,431,TITULAR
432,432,432,432,TITULAR
433,433,433,433,TITULAR
434,434,434,434,TITULAR
435,435,435,435,TITULAR
436,436,436,436,TITULAR
437,437,437,437,TITULAR
438,438,438,438,TITULAR
439,439,439,439,TITULAR
440,440,440,440,TITULAR
441,441,441,441,TITULAR
442,442,442,442,TITULAR
443,443,443,443,TITULAR
444,444,444,444,TITULAR
445,445,445,445,TITULAR
446,446,446,446,TITULAR
447,447,447,447,TITULAR
448,448,448,448,TITULAR
449,449,449,449,TITULAR
450,450,450,450,TITULAR
451,451,451,451,TITULAR
452,452,452,452,TITULAR
453,453,453,453,TITULAR
454,454,454,454,TITULAR
455,455,455,455,TITULAR
456,456,456,456,TITULAR
457,457,457,457,TITULAR
458,458,458,458,TITULAR
459,459,459,459,TITULAR
460,460,460,460,TITULAR
461,461,461,461,TITULAR
462,462,462,462,TITULAR
463,463,463,463,TITULAR
464,464,464,464,TITULAR
465,465,465,465,TITULAR
466,466,466,466,TITULAR
467,467,467,467,TITULAR
468,468,468,468,TITULAR
469,469,469,469,TITULAR
470,470,470,470,TITULAR
471,471,471,471,TITULAR
472,472,472,472,TITULAR
473,473,473,473,TITULAR
474,474,474,474,TITULAR
475,475,475,475,TITULAR
476,476,476,476,TITULAR
477,477,477,477,TITULAR
478,478,478,478,TITULAR
479,479,479,479,TITULAR
480,480,480,480,TITULAR
481,481,481,481,TITULAR
482,482,482,482,TITULAR
483,483,483,483,TITULAR
484,484,484,484,TITULAR
485,485,485,485,TITULAR
486,486,486,486,TITULAR
487,487,487,487,TITULAR
488,488,488,488,TITULAR
489,489,489,489,TITULAR
490,490,490,490,TITULAR
491,491,491,491,TITULAR
492,492,492,492,TITULAR
493,493,493,493,TITULAR
494,494,494,494,TITULAR
495,495,495,495,TITULAR
496,496,496,496,TITULAR
497,497,497,497,TITULAR
498,498,498,498,TITULAR
499,499,499,499,TITULAR
500,500,500,500,TITULAR
501,501,501,501,TITULAR
502,502,502,502,TITULAR
503,503,503,503,TITULAR
504,504,504,504,TITULAR
505,505,505,505,TITULAR
506,506,506,506,TITULAR
507,507,507,507,TITULAR
508,508,508,508,TITULAR
509,509,509,509,TITULAR
510,510,510,510,TITULAR
511,511,511,511,TITULAR
512,512,512,512,TITULAR
513,513,513,513,TITULAR
514,514,514,514,TITULAR
515,515,515,515,TITULAR
516,516,516,516,TITULAR
517,517,517,517,TITULAR
518,518,518,518,TITULAR
519,519,519,519,TITULAR
520,520,520,520,TITULAR
521,521,521,521,TITULAR
522,522,522,522,TITULAR
523,523,523,523,TITULAR
524,524,524,524,TITULAR
525,525,525,525,TITULAR
526,526,526,526,TITULAR
527,527,527,527,TITULAR
528,528,528,528,TITULAR
529,529,529,529,TITULAR
530,530,530,530,TITULAR
531,531,531,531,TITULAR
532,532,532,532,TITULAR
533,533,533,533,TITULAR
534,534,534,534,TITULAR
535,535,535,535,TITULAR
536,536,536,536,TITULAR
537,537,537,537,TITULAR
538,538,538,538,TITULAR
539,539,539,539,TITULAR
540,540,540,540,TITULAR
541,541,541,541,TITULAR
542,542,542,542,TITULAR
543,543,543,543,TITULAR
544,544,544,544,TITULAR
545,545,545,545,TITULAR
546,546,546,546,TITULAR
547,547,547,547,TITULAR
548,548,548,548,TITULAR
549,549,549,549,TITULAR
550,550,550,550,TITULAR
551,551,551,551,TITULAR
552,552,552,552,TITULAR
553,553,553,553,TITULAR
554,554,554,554,TITULAR
555,555,555,555,TITULAR
556,556,556,556,TITULAR
557,557,557,557,TITULAR
558,558,558,558,TITULAR
559,559,559,559,TITULAR
560,560,560,560,TITULAR
561,561,561,561,TITULAR
562,562,562,562,TITULAR
563,563,563,563,TITULAR
564,564,564,564,TITULAR
565,565,565,565,TITULAR
566,566,566,566,TITULAR
567,567,567,567,TITULAR
568,568,568,568,TITULAR
569,569,569,569,TITULAR
570,570,570,570,TITULAR
571,571,571,571,TITULAR
572,572,572,572,TITULAR
573,573,573,573,TITULAR
574,574,574,574,TITULAR
575,575,575,575,TITULAR
576,576,576,576,TITULAR
577,577,577,577,TITULAR
578,578,578,578,TITULAR
579,579,579,579,TITULAR
580,580,580,580,TITULAR
581,581,581,581,TITULAR
582,582,582,582,TITULAR
583,583,583,583,TITULAR
584,584,584,584,TITULAR
585,585,585,585,TITULAR
586,586,586,586,TITULAR
587,587,587,587,TITULAR
588,588,588,588,TITULAR
589,589,589,589,TITULAR
590,590,590,590,TITULAR
591,591,591,591,TITULAR
592,592,592,592,TITULAR
593,593,593,593,TITULAR
594,594,594,594,TITULAR
595,595,595,595,TITULAR
596,596,596,596,TITULAR
597,597,597,597,TITULAR
598,598,598,598,TITULAR
599,599,599,599,TITULAR
600,600,600,600,TITULAR
601,601,601,601,TITULAR
602,602,602,602,TITULAR
603,603,603,603,TITULAR
604,604,604,604,TITULAR
605,605,605,605,TITULAR
606,606,606,606,TITULAR
607,607,607,607,TITULAR
608,608,608,608,TITULAR
609,609,609,609,TITULAR
610,610,610,610,TITULAR
611,611,611,611,TITULAR
612,612,612,612,TITULAR
613,613,613,613,TITULAR
614,614,614,614,TITULAR
615,615,615,615,TITULAR
616,616,616,616,TITULAR
617,617,617,617,TITULAR
618,618,618,618,TITULAR
619,619,619,619,TITULAR
620,620,620,620,TITULAR
621,621,621,621,TITULAR
622,622,622,622,TITULAR
623,623,623,623,TITULAR
624,624,624,624,TITULAR
625,625,625,625,TITULAR
626,626,626,626,TITULAR
627,627,627,627,TITULAR
628,628,628,628,TITULAR
629,629,629,629,TITULAR
630,630,630,630,TITULAR
631,631,631,631,TITULAR
632,632,632,632,TITULAR
633,633,633,633,TITULAR
634,634,634,634,TITULAR
635,635,635,635,TITULAR
636,636,636,636,TITULAR
637,637,637,637,TITULAR
638,638,638,638,TITULAR
639,639,639,639,TITULAR
640,640,640,640,TITULAR
641,641,641,641,TITULAR
642,642,642,642,TITULAR
643,643,643,643,TITULAR
644,644,644,644,TITULAR
645,645,645,645,TITULAR
646,646,646,646,TITULAR
647,647,647,647,TITULAR
648,648,648,648,TITULAR
649,649,649,649,TITULAR
650,650,650,650,TITULAR
651,651,651,651,TITULAR
652,652,652,652,TITULAR
653,653,653,653,TITULAR
654,654,654,654,TITULAR
655,655,655,655,TITULAR
656,656,656,656,TITULAR
657,657,657,657,TITULAR
658,658,658,658,TITULAR
659,659,659,659,TITULAR
660,660,660,660,TITULAR
661,661,661,661,TITULAR
662,662,662,662,TITULAR
663,663,663,663,TITULAR
664,664,664,664,TITULAR
665,665,665,665,TITULAR
666,666,666,666,TITULAR
667,667,667,667,TITULAR
668,668,668,668,TITULAR
669,669,669,669,TITULAR
670,670,670,670,TITULAR
671,671,671,671,TITULAR
672,672,672,672,TITULAR
673,673,673,673,TITULAR
674,674,674,674,TITULAR
675,675,675,675,TITULAR
676,676,676,676,TITULAR
677,677,677,677,TITULAR
678,678,678,678,TITULAR
679,679,679,679,TITULAR
680,680,680,680,TITULAR
681,681,681,681,TITULAR
682,682,682,682,TITULAR
683,683,683,683,TITULAR
684,684,684,684,TITULAR
685,685,685,685,TITULAR
686,686,686,686,TITULAR
687,687,687,687,TITULAR
688,688,688,688,TITULAR
689,689,689,689,TITULAR
690,690,690,690,TITULAR
691,691,691,691,TITULAR
692,692,692,692,TITULAR
693,693,693,693,TITULAR
694,694,694,694,TITULAR
695,695,695,695,TITULAR
696,696,696,696,TITULAR
697,697,697,697,TITULAR
698,698,698,698,TITULAR
699,699,699,699,TITULAR
700,700,700,700,TITULAR
701,701,701,701,TITULAR
702,702,702,702,TITULAR
703,703,703,703,TITULAR
704,704,704,704,TITULAR
705,705,705,705,TITULAR
706,706,706,706,TITULAR
707,707,707,707,TITULAR
708,708,708,708,TITULAR
709,709,709,709,TITULAR
710,710,710,710,TITULAR
711,711,711,711,TITULAR
712,712,712,712,TITULAR
713,713,713,713,TITULAR
714,714,714,714,TITULAR
715,715,715,715,TITULAR
716,716,716,716,TITULAR
717,717,717,717,TITULAR
718,718,718,718,TITULAR
719,719,719,719,TITULAR
720,720,720,720,TITULAR
721,721,721,721,TITULAR
722,722,722,722,TITULAR
723,723,723,723,TITULAR
724,724,724,724,TITULAR
725,725,725,725,TITULAR
726,726,726,726,TITULAR
727,727,727,727,TITULAR
728,728,728,728,TITULAR
729,729,729,729,TITULAR
730,730,730,730,TITULAR
731,731,731,731,TITULAR
732,732,732,732,TITULAR
733,733,733,733,TITULAR
734,734,734,734,TITULAR
735,735,735,735,TITULAR
736,736,736,736,TITULAR
737,737,737,737,TITULAR
738,738,738,738,TITULAR
739,739,739,739,TITULAR
740,740,740,740,TITULAR
741,741,741,741,TITULAR
742,742,742,742,TITULAR
743,743,743,743,TITULAR
744,744,744,744,TITULAR
745,745,745,745,TITULAR
746,746,746,746,TITULAR
747,747,747,747,TITULAR
748,748,748,748,TITULAR
749,749,749,749,TITULAR
750,750,750,750,TITULAR
751,751,751,751,TITULAR
752,752,752,752,TITULAR
753,753,753,753,TITULAR
754,754,754,754,TITULAR
755,755,755,755,TITULAR
756,756,756,756,TITULAR
757,757,757,757,TITULAR
758,758,758,758,TITULAR
759,759,759,759,TITULAR
760,760,760,760,TITULAR
761,761,761,761,TITULAR
762,762,762,762,TITULAR
763,763,763,763,TITULAR
764,764,764,764,TITULAR
765,765,765,765,TITULAR
766,766,766,766,TITULAR
767,767,767,767,TITULAR
768,768,768,768,TITULAR
769,769,769,769,TITULAR
770,770,770,770,TITULAR
771,771,771,771,TITULAR
772,772,772,772,TITULAR
773,773,773,773,TITULAR
774,774,774,774,TITULAR
775,775,775,775,TITULAR
776,776,776,776,TITULAR
777,777,777,777,TITULAR
778,778,778,778,TITULAR
779,779,779,779,TITULAR
780,780,780,780,TITULAR
781,781,781,781,TITULAR
782,782,782,782,TITULAR
783,783,783,783,TITULAR
784,784,784,784,TITULAR
785,785,785,785,TITULAR
786,786,786,786,TITULAR
787,787,787,787,TITULAR
788,788,788,788,TITULAR
789,789,789,789,TITULAR
790,790,790,790,TITULAR
791,791,791,791,TITULAR
792,792,792,792,TITULAR
793,793,793,793,TITULAR
794,794,794,794,TITULAR
795,795,795,795,TITULAR
796,796,796,796,TITULAR
797,797,797,797,TITULAR
798,798,798,798,TITULAR
799,799,799,799,TITULAR
800,800,800,800,TITULAR
801,801,801,801,TITULAR
802,802,802,802,TITULAR
803,803,803,803,TITULAR
804,804,804,804,TITULAR
805,805,805,805,TITULAR
806,806,806,806,TITULAR
807,807,807,807,TITULAR
808,808,808,808,TITULAR
809,809,809,809,TITULAR
810,810,810,810,TITULAR
811,811,811,811,TITULAR
812,812,812,812,TITULAR
813,813,813,813,TITULAR
814,814,814,814,TITULAR
815,815,815,815,TITULAR
816,816,816,816,TITULAR
817,817,817,817,TITULAR
818,818,818,818,TITULAR
819,819,819,819,TITULAR
820,820,820,820,TITULAR
821,821,821,821,TITULAR
822,822,822,822,TITULAR
823,823,823,823,TITULAR
824,824,824,824,TITULAR
825,825,825,825,TITULAR
826,826,826,826,TITULAR
827,827,827,827,TITULAR
828,828,828,828,TITULAR
829,829,829,829,TITULAR
830,830,830,830,TITULAR
831,831,831,831,TITULAR
832,832,832,832,TITULAR
833,833,833,833,TITULAR
834,834,834,834,TITULAR
835,835,835,835,TITULAR
836,836,836,836,TITULAR
837,837,837,837,TITULAR
838,838,838,838,TITULAR
839,839,839,839,TITULAR
840,840,840,840,TITULAR
841,841,841,841,TITULAR
842,842,842,842,TITULAR
843,843,843,843,TITULAR
844,844,844,844,TITULAR
845,845,845,845,TITULAR
846,846,846,846,TITULAR
847,847,847,847,TITULAR
848,848,848,848,TITULAR
849,849,849,849,TITULAR
850,850,850,850,TITULAR
851,851,851,851,TITULAR
852,852,852,852,TITULAR
853,853,853,853,TITULAR
854,854,854,854,TITULAR
855,855,855,855,TITULAR
856,856,856,856,TITULAR
857,857,857,857,TITULAR
858,858,858,858,TITULAR
859,859,859,859,TITULAR
860,860,860,860,TITULAR
861,861,861,861,TITULAR
862,862,862,862,TITULAR
863,863,863,863,TITULAR
864,864,864,864,TITULAR
865,865,865,865,TITULAR
866,866,866,866,TITULAR
867,867,867,867,TITULAR
868,868,868,868,TITULAR
869,869,869,869,TITULAR
870,870,870,870,TITULAR
871,871,871,871,TITULAR
872,872,872,872,TITULAR
873,873,873,873,TITULAR
874,874,874,874,TITULAR
875,875,875,875,TITULAR
876,876,876,876,TITULAR
877,877,877,877,TITULAR
878,878,878,878,TITULAR
879,879,879,879,TITULAR
880,880,880,880,TITULAR
881,881,881,881,TITULAR
882,882,882,882,TITULAR
883,883,883,883,TITULAR
884,884,884,884,TITULAR
885,885,885,885,TITULAR
886,886,886,886,TITULAR
887,887,887,887,TITULAR
888,888,888,888,TITULAR
889,889,889,889,TITULAR
890,890,890,890,TITULAR
891,891,891,891,TITULAR
892,892,892,892,TITULAR
893,893,893,893,TITULAR
894,894,894,894,TITULAR
895,895,895,895,TITULAR
896,896,896,896,TITULAR
897,897,897,897,TITULAR
898,898,898,898,TITULAR
899,899,899,899,TITULAR
900,900,900,900,TITULAR
901,901,901,901,TITULAR
902,902,902,902,TITULAR
903,903,903,903,TITULAR
904,904,904,904,TITULAR
905,905,905,905,TITULAR
906,906,906,906,TITULAR
907,907,907,907,TITULAR
908,908,908,908,TITULAR
909,909,909,909,TITULAR
910,910,910,910,TITULAR
911,911,911,911,TITULAR
912,912,912,912,TITULAR
913,913,913,913,TITULAR
914,914,914,914,TITULAR
915,915,915,915,TITULAR
916,916,916,916,TITULAR
917,917,917,917,TITULAR
918,918,918,918,TITULAR
919,919,919,919,TITULAR
920,920,920,920,TITULAR
921,921,921,921,TITULAR
922,922,922,922,TITULAR
923,923,923,923,TITULAR
924,924,924,924,TITULAR
925,925,925,925,TITULAR
926,926,926,926,TITULAR
927,927,927,927,TITULAR
928,928,928,928,TITULAR
929,929,929,929,TITULAR
930,930,930,930,TITULAR
931,931,931,931,TITULAR
932,932,932,932,TITULAR
933,933,933,933,TITULAR
934,934,934,934,TITULAR
935,935,935,935,TITULAR
936,936,936,936,TITULAR
937,937,937,937,TITULAR
938,938,938,938,TITULAR
939,939,939,939,TITULAR
940,940,940,940,TITULAR
941,941,941,941,TITULAR
942,942,942,942,TITULAR
943,943,943,943,TITULAR
944,944,944,944,TITULAR
945,945,945,945,TITULAR
946,946,946,946,TITULAR
947,947,947,947,TITULAR
948,948,948,948,TITULAR
949,949,949,949,TITULAR
950,950,950,950,TITULAR
951,951,951,951,TITULAR
952,952,952,952,TITULAR
953,953,953,953,TITULAR
954,954,954,954,TITULAR
955,955,955,955,TITULAR
956,956,956,956,TITULAR
957,957,957,957,TITULAR
958,958,958,958,TITULAR
959,959,959,959,TITULAR
960,960,960,960,TITULAR
961,961,961,961,TITULAR
962,962,962,962,TITULAR
963,963,963,963,TITULAR
964,964,964,964,TITULAR
965,965,965,965,TITULAR
966,966,966,966,TITULAR
967,967,967,967,TITULAR
968,968,968,968,TITULAR
969,969,969,969,TITULAR
970,970,970,970,TITULAR
971,971,971,971,TITULAR
972,972,972,972,TITULAR
973,973,973,973,TITULAR
974,974,974,974,TITULAR
975,975,975,975,TITULAR
976,976,976,976,TITULAR
977,977,977,977,TITULAR
978,978,978,978,TITULAR
979,979,979,979,TITULAR
980,980,980,980,TITULAR
981,981,981,981,TITULAR
982,982,982,982,TITULAR
983,983,983,983,TITULAR
984,984,984,984,TITULAR
985,985,985,985,TITULAR
986,986,986,986,TITULAR
987,987,987,987,TITULAR
988,988,988,988,TITULAR
989,989,989,989,TITULAR
990,990,990,990,TITULAR
991,991,991,991,TITULAR
992,992,992,992,TITULAR
993,993,993,993,TITULAR
994,994,994,994,TITULAR
995,995,995,995,TITULAR
996,996,996,996,TITULAR
997,997,997,997,TITULAR
998,998,998,998,TITULAR
999,999,999,999,TITULAR
1000,1000,1000,1000,TITULAR
